,precision,recall,f1-score
Normal Beats,0.9932015901365443,0.9514847113367921,0.9718957011980268
Supraventricular Ectopy Beats,0.49676724137931033,0.829136690647482,0.6212938005390836
Ventricular Ectopy Beats,0.8804702808621816,0.930939226519337,0.9050016784155757
Fusion Beats,0.3772609819121447,0.9012345679012346,0.5318761384335154
Unclassifiable Beats,0.9461219656601539,0.9937810945273632,0.9693660903851987
accuracy,0.9497533345514343,0.9497533345514343,0.9497533345514343
macro avg,0.7387644119900669,0.9213152581864419,0.79988668179428
weighted avg,0.9651210653590597,0.9497533345514343,0.9551248266726183
