,precision,recall,f1-score
Normal Beats,0.9952814098919841,0.9662766309747213,0.9805645793659684
Supraventricular Ectopy Beats,0.5770142180094787,0.8758992805755396,0.6957142857142857
Ventricular Ectopy Beats,0.9146825396825397,0.955110497237569,0.9344594594594594
Fusion Beats,0.4681528662420382,0.9074074074074074,0.6176470588235294
Unclassifiable Beats,0.9779411764705882,0.9925373134328358,0.9851851851851852
accuracy,0.9647359766124611,0.9647359766124611,0.9647359766124611
macro avg,0.7866144420593257,0.9394462259256147,0.8427141137096855
weighted avg,0.9741530688467236,0.9647359766124611,0.9679344093922093
